cmpcat-resistor~array~10x~eu-cmpcat,1039f038-20a6-4bfe-89c1-99f34fbb45bd
cmpcat-resistor~array~10x~us-cmpcat,1039f038-20a6-4bfe-89c1-99f34fbb45bd
cmpcat-resistor~array~4x~eu-cmpcat,1039f038-20a6-4bfe-89c1-99f34fbb45bd
cmpcat-resistor~array~4x~us-cmpcat,1039f038-20a6-4bfe-89c1-99f34fbb45bd
cmpcat-resistor~array~5x~eu-cmpcat,1039f038-20a6-4bfe-89c1-99f34fbb45bd
cmpcat-resistor~array~5x~us-cmpcat,1039f038-20a6-4bfe-89c1-99f34fbb45bd
cmpcat-resistor~array~6x~eu-cmpcat,1039f038-20a6-4bfe-89c1-99f34fbb45bd
cmpcat-resistor~array~6x~us-cmpcat,1039f038-20a6-4bfe-89c1-99f34fbb45bd
cmpcat-resistor~array~7x~eu-cmpcat,1039f038-20a6-4bfe-89c1-99f34fbb45bd
cmpcat-resistor~array~7x~us-cmpcat,1039f038-20a6-4bfe-89c1-99f34fbb45bd
cmpcat-resistor~array~8x~eu-cmpcat,1039f038-20a6-4bfe-89c1-99f34fbb45bd
cmpcat-resistor~array~8x~us-cmpcat,1039f038-20a6-4bfe-89c1-99f34fbb45bd
cmpcat-resistor~network~10x~eu-cmpcat,1039f038-20a6-4bfe-89c1-99f34fbb45bd
cmpcat-resistor~network~10x~us-cmpcat,1039f038-20a6-4bfe-89c1-99f34fbb45bd
cmpcat-resistor~network~4x~eu-cmpcat,1039f038-20a6-4bfe-89c1-99f34fbb45bd
cmpcat-resistor~network~4x~us-cmpcat,1039f038-20a6-4bfe-89c1-99f34fbb45bd
cmpcat-resistor~network~5x~eu-cmpcat,1039f038-20a6-4bfe-89c1-99f34fbb45bd
cmpcat-resistor~network~5x~us-cmpcat,1039f038-20a6-4bfe-89c1-99f34fbb45bd
cmpcat-resistor~network~6x~eu-cmpcat,1039f038-20a6-4bfe-89c1-99f34fbb45bd
cmpcat-resistor~network~6x~us-cmpcat,1039f038-20a6-4bfe-89c1-99f34fbb45bd
cmpcat-resistor~network~7x~eu-cmpcat,1039f038-20a6-4bfe-89c1-99f34fbb45bd
cmpcat-resistor~network~7x~us-cmpcat,1039f038-20a6-4bfe-89c1-99f34fbb45bd
cmpcat-resistor~network~8x~eu-cmpcat,1039f038-20a6-4bfe-89c1-99f34fbb45bd
cmpcat-resistor~network~8x~us-cmpcat,1039f038-20a6-4bfe-89c1-99f34fbb45bd
