sym-resistor~array~10x~eu-pin-1-1,830d9979-deb8-41de-8056-5421ba9bd027
sym-resistor~array~10x~eu-pin-1-2,a7c5033e-4d4a-4eb9-89d7-1ed7b6978cc2
sym-resistor~array~10x~eu-pin-10-1,1f4d85f1-9762-4106-aeb9-81017fcf3d5d
sym-resistor~array~10x~eu-pin-10-2,9b0d8c99-2860-4d7f-a27a-dd7d23e2c4a7
sym-resistor~array~10x~eu-pin-2-1,9f31779f-bfee-440a-9c50-d49d1e96aced
sym-resistor~array~10x~eu-pin-2-2,a3045f34-c866-4979-ab42-d0159c849cd4
sym-resistor~array~10x~eu-pin-3-1,f8a2cbc8-ca9a-4d54-bf11-a134522f121c
sym-resistor~array~10x~eu-pin-3-2,df90d534-ab53-43b2-a36d-1e7fb5c232ef
sym-resistor~array~10x~eu-pin-4-1,64192b89-f0a3-4c38-acfc-555820f95038
sym-resistor~array~10x~eu-pin-4-2,2b30dc17-9c8c-4c7f-958b-07b14735c1f1
sym-resistor~array~10x~eu-pin-5-1,c860727d-cb04-4dd5-8519-e2c3db8bdb06
sym-resistor~array~10x~eu-pin-5-2,7d196e1d-ff6b-462a-b34f-f7b6c4b3318d
sym-resistor~array~10x~eu-pin-6-1,c35e71c6-3e46-4c24-a96f-6de6458bfbb5
sym-resistor~array~10x~eu-pin-6-2,63dbe0c6-cd76-4735-b026-82d084018d7c
sym-resistor~array~10x~eu-pin-7-1,93805d26-12d4-4a6a-879b-a81fdc3560c1
sym-resistor~array~10x~eu-pin-7-2,736c0c45-1869-4315-8fe7-5ae61379f00a
sym-resistor~array~10x~eu-pin-8-1,fd616ce3-5220-4cae-b85c-3e7516f977cd
sym-resistor~array~10x~eu-pin-8-2,ee865c02-554c-41ff-94ad-8e2e610a8633
sym-resistor~array~10x~eu-pin-9-1,95f8229e-5c46-4f50-bd38-c12ccbeef857
sym-resistor~array~10x~eu-pin-9-2,67bcf4ac-f7cc-40ad-a41b-3c1b0890d602
sym-resistor~array~10x~eu-polygon-1-sym,fa51ad6a-4c52-4db0-b156-10108d5622f9
sym-resistor~array~10x~eu-polygon-10-sym,cc67350b-fe12-4ab4-ab8a-732bb48f7364
sym-resistor~array~10x~eu-polygon-11-sym,c2a3ef38-dcce-40d4-817c-287d819bc66b
sym-resistor~array~10x~eu-polygon-12-sym,dae27401-613b-4bda-badf-f3486d1e2711
sym-resistor~array~10x~eu-polygon-13-sym,34fd6741-a9d5-4d89-9c28-2f92da6e1ca1
sym-resistor~array~10x~eu-polygon-14-sym,70b5587e-6913-4a24-b941-f06459d9075e
sym-resistor~array~10x~eu-polygon-15-sym,d5ed10e5-00eb-4b47-9172-b3fd3949a221
sym-resistor~array~10x~eu-polygon-16-sym,62d3f3ce-e4c6-48e1-a153-c129fac3ad9c
sym-resistor~array~10x~eu-polygon-17-sym,8fa3048d-74f0-4c3c-ac20-407fdbaf49e1
sym-resistor~array~10x~eu-polygon-18-sym,0e6d9079-e5e6-435b-b8e5-b4ad11f2375a
sym-resistor~array~10x~eu-polygon-19-sym,2c2ec4d4-6b77-4be0-8dcd-5ccd137e0776
sym-resistor~array~10x~eu-polygon-2-sym,8ae5bb0c-b545-4745-8065-148061d33af2
sym-resistor~array~10x~eu-polygon-3-sym,ba201e71-e8a1-4bda-b406-eba8f64a21a6
sym-resistor~array~10x~eu-polygon-4-sym,5d5bbf81-b770-48c5-88f0-08ecdaf9de4b
sym-resistor~array~10x~eu-polygon-5-sym,e98c8769-6175-48f2-baca-28ab4c15bc50
sym-resistor~array~10x~eu-polygon-6-sym,c4f3153b-637d-4d92-992d-5229818f32e9
sym-resistor~array~10x~eu-polygon-7-sym,f6668550-a0d8-4cf8-8e31-f5fb600a9379
sym-resistor~array~10x~eu-polygon-8-sym,db2a95b7-9cb5-4a01-b0cc-0c0bce07a644
sym-resistor~array~10x~eu-polygon-9-sym,03b5038e-0dc3-4860-a530-86a1c73c0ae8
sym-resistor~array~10x~eu-polygon-contour,1aa08e1f-db93-4a31-a85c-ab88ae859e82
sym-resistor~array~10x~eu-sym,34343371-b40f-46c6-972c-4e8619427664
sym-resistor~array~10x~eu-text-name,c74ff730-50f1-4b9e-9fc1-cc20a51b2b00
sym-resistor~array~10x~eu-text-value,59da8f28-096b-488e-9a50-14495d2ae065
sym-resistor~array~4x~eu-pin-1-1,93ae9ca3-9112-497a-be02-cdeb1c84a64d
sym-resistor~array~4x~eu-pin-1-2,120646be-7dde-4f75-a577-0e37e2f5b94c
sym-resistor~array~4x~eu-pin-2-1,d0fd20d3-e40b-48e4-b68e-7cefc5ac775a
sym-resistor~array~4x~eu-pin-2-2,e7c47dec-a40e-41f9-9627-6d249813b5e7
sym-resistor~array~4x~eu-pin-3-1,7a67beb1-a3f4-42e8-a176-7cf3267b4bb2
sym-resistor~array~4x~eu-pin-3-2,7d371910-b767-4c04-b50c-4a7a5570b6ee
sym-resistor~array~4x~eu-pin-4-1,2de08147-62ed-4441-8d78-985a04651d1d
sym-resistor~array~4x~eu-pin-4-2,1db2ca38-8716-43da-8d34-4e501471a4a0
sym-resistor~array~4x~eu-polygon-1-sym,5321b338-da11-4cd3-8dfd-456ce0ffa1bf
sym-resistor~array~4x~eu-polygon-2-sym,0dadb56f-ddb4-4bf0-ac94-c76b6456db0a
sym-resistor~array~4x~eu-polygon-3-sym,68c03a33-7b77-4b26-8acb-e7db64b520ae
sym-resistor~array~4x~eu-polygon-4-sym,4800a5a4-5f55-473d-9cc2-27fee1310dcb
sym-resistor~array~4x~eu-polygon-5-sym,787badbc-68fd-4418-a730-43e2f4c1cafe
sym-resistor~array~4x~eu-polygon-6-sym,8a1f3c64-b117-4490-b6aa-ec18fc690def
sym-resistor~array~4x~eu-polygon-7-sym,a5fcbfdb-8743-406f-91e0-a25815fee45c
sym-resistor~array~4x~eu-polygon-8-sym,dc4f251e-6c89-4c94-a7ef-6696222f9be8
sym-resistor~array~4x~eu-polygon-contour,4010036d-9c66-483e-9aa3-00a77f2b3c81
sym-resistor~array~4x~eu-sym,d4d35fa6-5680-40e8-a514-ef984d7b23a9
sym-resistor~array~4x~eu-text-name,8ce8fb55-0e80-42ee-bbc4-dba6a77341b8
sym-resistor~array~4x~eu-text-value,1ae28ad8-0d74-45b0-9059-548e4d7e48f6
sym-resistor~array~4x~us-pin-1-1,5cec20fa-3bde-472b-90e9-3497bc68d944
sym-resistor~array~4x~us-pin-1-2,fc267cc6-bf34-4046-98e5-97cc2fdf9a81
sym-resistor~array~4x~us-pin-2-1,26f5fe2c-2f58-4902-969e-be04b55733e2
sym-resistor~array~4x~us-pin-2-2,0d0762a0-7806-4ec2-a5d9-daf17b878f72
sym-resistor~array~4x~us-pin-3-1,4a243f2f-76ab-45fc-bd1a-2029ddc3aea1
sym-resistor~array~4x~us-pin-3-2,192454cc-12f4-4c3b-853d-dbea338f10d8
sym-resistor~array~4x~us-pin-4-1,b3867347-f683-4045-8a7c-f2de4fe85738
sym-resistor~array~4x~us-pin-4-2,69dd6450-3fa6-48b0-b5a2-357198c99ce9
sym-resistor~array~4x~us-polygon-1-sym,0d25bec3-0946-41da-a73e-68d1017acdc4
sym-resistor~array~4x~us-polygon-2-sym,2abaefa0-0cde-47b6-ae85-62efcf85e835
sym-resistor~array~4x~us-polygon-3-sym,114cf17e-b83f-4775-859a-2bd848a9f294
sym-resistor~array~4x~us-polygon-4-sym,6e7152f5-0556-418d-a072-e7ec2c2186ac
sym-resistor~array~4x~us-polygon-contour,b4987925-1416-4f11-85bb-ff5d83643fe8
sym-resistor~array~4x~us-sym,ed043e33-dcaf-48b8-99eb-8d27987f6180
sym-resistor~array~4x~us-text-name,199cb2cd-c790-4c0f-b027-20b35a7cbb52
sym-resistor~array~4x~us-text-value,dcd7fff4-d4e2-41fb-a7d5-8976d3f2798b
sym-resistor~array~5x~eu-pin-1-1,570ab6fb-3ef9-425a-a7be-f353cbf07130
sym-resistor~array~5x~eu-pin-1-2,b8de1aa4-2f64-4187-a260-91cbd07f49f2
sym-resistor~array~5x~eu-pin-2-1,57aa1e9a-abc3-499c-99b9-6685eb8bfd93
sym-resistor~array~5x~eu-pin-2-2,e4a73a89-b4ec-49b6-ac0b-7f28428ce083
sym-resistor~array~5x~eu-pin-3-1,51ffd11c-d824-4399-869c-4593dc4cf115
sym-resistor~array~5x~eu-pin-3-2,0cadaf50-0dd8-4b77-9f59-4b43836ff6e4
sym-resistor~array~5x~eu-pin-4-1,91c45ebb-8af3-46fb-a828-507f18ece278
sym-resistor~array~5x~eu-pin-4-2,f5c37574-e331-4604-9b59-c44baa5ec801
sym-resistor~array~5x~eu-pin-5-1,d4703b4a-00cf-491d-b90d-3b29fbe8ef94
sym-resistor~array~5x~eu-pin-5-2,ff06b32e-ff86-4ec6-a876-e138cd6e01ee
sym-resistor~array~5x~eu-polygon-1-sym,a61eb58f-9a91-4e88-b24d-ecdfc1cbda0f
sym-resistor~array~5x~eu-polygon-10-sym,fbaff972-709e-43ec-b538-8f937e92767c
sym-resistor~array~5x~eu-polygon-2-sym,ff2d14eb-a041-498e-b165-7455c7702532
sym-resistor~array~5x~eu-polygon-3-sym,42fe525c-86e6-4125-a63a-c1488d6ee891
sym-resistor~array~5x~eu-polygon-4-sym,5e21f027-3317-4e44-8fc0-8c3c67855575
sym-resistor~array~5x~eu-polygon-5-sym,1f0a7043-a898-4dbd-b80f-a1b9e61646dc
sym-resistor~array~5x~eu-polygon-6-sym,990ea518-bddf-4420-85c5-5090eb259aab
sym-resistor~array~5x~eu-polygon-7-sym,120dfa82-d8ac-4983-870c-4fe9ae2455ab
sym-resistor~array~5x~eu-polygon-8-sym,68c3aa41-e679-4313-acd8-401c84e31f4e
sym-resistor~array~5x~eu-polygon-9-sym,23c492c9-b613-4fc9-8cde-52873192ce8f
sym-resistor~array~5x~eu-polygon-contour,33c278a9-192e-4b59-8455-1089afab1b1e
sym-resistor~array~5x~eu-sym,b2bfa502-a3f0-414e-ae62-35af40c55033
sym-resistor~array~5x~eu-text-name,167521ae-d0fd-4946-96f8-41af9256fdac
sym-resistor~array~5x~eu-text-value,33db732a-d406-48ab-b464-d5fd4a5e20b6
sym-resistor~array~5x~us-pin-1-1,7a893106-f3cc-4f07-8d8d-40b4678a42bf
sym-resistor~array~5x~us-pin-1-2,20ab8cfc-57ba-4610-bf22-10f25ea63b65
sym-resistor~array~5x~us-pin-2-1,e08c5871-68c6-4205-a066-9e85fa5db919
sym-resistor~array~5x~us-pin-2-2,f1381374-1226-4692-a554-f47e2df54986
sym-resistor~array~5x~us-pin-3-1,43d778a3-5d8c-4483-bf75-12d979f64112
sym-resistor~array~5x~us-pin-3-2,eb772b36-7863-460f-907c-f18a573fc2fa
sym-resistor~array~5x~us-pin-4-1,e30566d8-3b6d-4ec2-bfa0-8458117040b2
sym-resistor~array~5x~us-pin-4-2,2f78c13c-7b7f-489f-82fd-a08e1c8a555a
sym-resistor~array~5x~us-pin-5-1,bfe87848-05f4-4837-81a4-14ccecf900b2
sym-resistor~array~5x~us-pin-5-2,755398a9-86a5-49aa-850a-f1512b3e12eb
sym-resistor~array~5x~us-polygon-1-sym,8589a364-90d1-43fe-ba8f-0b5f3ba217e1
sym-resistor~array~5x~us-polygon-2-sym,942e6e46-c1db-4b28-84ba-44a6517ddc8e
sym-resistor~array~5x~us-polygon-3-sym,3d3164fc-f21f-4de3-a6ab-e8ef57b83d63
sym-resistor~array~5x~us-polygon-4-sym,0ce6c365-0105-4c43-9f3e-270e9548a62d
sym-resistor~array~5x~us-polygon-5-sym,213cb15b-0b3b-41a3-873b-442643aeb156
sym-resistor~array~5x~us-polygon-contour,e9262e52-7c2d-4311-8360-bc93ca3bf8e2
sym-resistor~array~5x~us-sym,b99657ee-7b17-4be7-84c2-4d6049aac968
sym-resistor~array~5x~us-text-name,824a6eef-d905-4529-a276-261666cc16fd
sym-resistor~array~5x~us-text-value,de5eb13e-e3ec-4a75-95c9-f6b845083b0a
sym-resistor~array~6x~eu-pin-1-1,743748b9-c275-480a-8062-4eb8922ce159
sym-resistor~array~6x~eu-pin-1-2,989371b2-dac3-4a77-b419-fea98b002b2d
sym-resistor~array~6x~eu-pin-2-1,f7714bf9-6c7f-4c0e-bccb-ac62c0ac91f4
sym-resistor~array~6x~eu-pin-2-2,8fd46688-f2b2-48c7-b0ac-5831f102c23c
sym-resistor~array~6x~eu-pin-3-1,3e1e17f5-24db-4bfc-a9b5-c67e15f3279f
sym-resistor~array~6x~eu-pin-3-2,d0e37676-91e7-46ed-84f4-724975ca991f
sym-resistor~array~6x~eu-pin-4-1,6aca8b84-fa29-480c-92e9-a64309936ad1
sym-resistor~array~6x~eu-pin-4-2,cde5b291-2b76-424a-83df-2bb1cf507575
sym-resistor~array~6x~eu-pin-5-1,14629346-e19b-4781-84c2-58cba5d996ff
sym-resistor~array~6x~eu-pin-5-2,39de00e6-f255-475f-8793-34722450efce
sym-resistor~array~6x~eu-pin-6-1,d317fdc3-495d-4a80-855a-e03c89a163a3
sym-resistor~array~6x~eu-pin-6-2,e28e6933-f77b-4668-ae9f-572c871552eb
sym-resistor~array~6x~eu-polygon-1-sym,5266cc70-4b85-4da5-9296-bfd5b6fb8661
sym-resistor~array~6x~eu-polygon-10-sym,878cfab1-31be-4655-95af-e2acc75da42a
sym-resistor~array~6x~eu-polygon-11-sym,d749dda2-4be7-4ac7-a249-66988719605e
sym-resistor~array~6x~eu-polygon-12-sym,3213bc35-99c7-4cf5-8107-26b5bde7d532
sym-resistor~array~6x~eu-polygon-2-sym,a60b8ab3-8ffa-46b2-a2b5-1a5f7517ed20
sym-resistor~array~6x~eu-polygon-3-sym,91dfd78d-4c89-48e9-9aeb-c1406c326b99
sym-resistor~array~6x~eu-polygon-4-sym,67c37620-d732-4169-87bd-da5929ca807a
sym-resistor~array~6x~eu-polygon-5-sym,7035da20-fd79-4777-9b3b-1787e30496a7
sym-resistor~array~6x~eu-polygon-6-sym,d25f88c8-4f24-409f-8d7e-d868f6eafcb2
sym-resistor~array~6x~eu-polygon-7-sym,78abb5ec-a582-4b52-98af-56fa4bdf5e90
sym-resistor~array~6x~eu-polygon-8-sym,758930c7-4335-4010-b651-52d65f2f33c1
sym-resistor~array~6x~eu-polygon-9-sym,28c91ca2-9681-48d5-985d-4c2dce88eca5
sym-resistor~array~6x~eu-polygon-contour,b4f50628-2aef-488a-a3bd-06a9025c9593
sym-resistor~array~6x~eu-sym,7239b1a1-b57e-4b00-9577-b3e27d348dc5
sym-resistor~array~6x~eu-text-name,00c6e387-8a0f-4a4e-a007-a318a031af35
sym-resistor~array~6x~eu-text-value,7545fca9-7e51-42ac-84b7-ce034957bc82
sym-resistor~array~6x~us-pin-1-1,191cdf83-47c5-41ff-82e9-efc6817f9b6a
sym-resistor~array~6x~us-pin-1-2,00f31ce2-c016-4fdb-874e-5a3232872b50
sym-resistor~array~6x~us-pin-2-1,eda31ec1-829e-4d30-9e77-ab82fb6bde26
sym-resistor~array~6x~us-pin-2-2,566b2d10-434d-4d3c-9f8c-3e585fe9afba
sym-resistor~array~6x~us-pin-3-1,cb3c98b9-cd28-49fb-be39-141f49b9155b
sym-resistor~array~6x~us-pin-3-2,de1ad090-5774-462d-b2fa-405361d78c89
sym-resistor~array~6x~us-pin-4-1,cf131521-9133-4e86-8e46-08c39f9e539b
sym-resistor~array~6x~us-pin-4-2,fa8ee15f-acf5-4044-957d-7caf6d232ca3
sym-resistor~array~6x~us-pin-5-1,2e8c353f-5b0e-483e-9fdf-a5945fe330a2
sym-resistor~array~6x~us-pin-5-2,3f134a8b-eefd-4447-a0d8-a1e3bcb604ca
sym-resistor~array~6x~us-pin-6-1,51d082d2-141f-4ab5-94a1-4bd904442640
sym-resistor~array~6x~us-pin-6-2,c5482656-6d59-4fa7-821d-2f70c2977545
sym-resistor~array~6x~us-polygon-1-sym,59600944-9f39-4ffc-a018-96161f20876b
sym-resistor~array~6x~us-polygon-2-sym,90631498-4163-4ae1-9202-aa5123b8e510
sym-resistor~array~6x~us-polygon-3-sym,eff45518-2c30-4bee-9857-8854f0aba643
sym-resistor~array~6x~us-polygon-4-sym,c72710fe-1814-4eba-8705-c9eafaccff02
sym-resistor~array~6x~us-polygon-5-sym,30ec1592-c16b-47fa-8581-7fcb550da30d
sym-resistor~array~6x~us-polygon-6-sym,374ec811-fd87-4949-9632-184818ec1322
sym-resistor~array~6x~us-polygon-contour,6734a194-6dad-442f-b0e0-b07c9cfbc807
sym-resistor~array~6x~us-sym,2870ff88-3b61-4287-831a-03ffeb0db4c7
sym-resistor~array~6x~us-text-name,db60b314-7443-4c50-9ac8-48c3848b0812
sym-resistor~array~6x~us-text-value,51db1ad7-4ef6-49c1-b630-e5ceb0b43995
sym-resistor~array~7x~eu-pin-1-1,8a308acb-a864-4d74-b004-5495c23a6ee6
sym-resistor~array~7x~eu-pin-1-2,1c40c27e-213d-4f23-900e-ba564a989e48
sym-resistor~array~7x~eu-pin-2-1,e2438b2e-ad37-48f5-9595-8aaafe31757d
sym-resistor~array~7x~eu-pin-2-2,2182aee2-b823-439f-947a-b3f50d754c20
sym-resistor~array~7x~eu-pin-3-1,f87db333-a865-4747-b9da-37fd9dec0a46
sym-resistor~array~7x~eu-pin-3-2,e91a3f1a-8db0-4d91-9544-d633cf2073d3
sym-resistor~array~7x~eu-pin-4-1,8a11b740-fbff-43bd-875b-34039f1457d7
sym-resistor~array~7x~eu-pin-4-2,6b37f370-b982-47a4-80ba-b0c2f2075e51
sym-resistor~array~7x~eu-pin-5-1,5295d39e-04b9-4acf-9e56-8b08c8fc460a
sym-resistor~array~7x~eu-pin-5-2,82c5daa4-7d93-41f6-97a9-cf0f77138f26
sym-resistor~array~7x~eu-pin-6-1,0db08eac-acd9-468e-b280-a49d12cdaed4
sym-resistor~array~7x~eu-pin-6-2,c56798ac-afa4-402b-9816-98181742b3b1
sym-resistor~array~7x~eu-pin-7-1,ff4326eb-f8c7-49be-a7a2-988f1b8bfb8d
sym-resistor~array~7x~eu-pin-7-2,e55333c2-44b6-47b9-9b10-4f5935448e7d
sym-resistor~array~7x~eu-polygon-1-sym,b1e30e18-e800-4d35-a367-16afe42f0d5d
sym-resistor~array~7x~eu-polygon-10-sym,58bfd3ec-ff92-499a-b4cf-2cf17c281378
sym-resistor~array~7x~eu-polygon-11-sym,a6c79634-c648-4bba-bdcb-89bf17d390d5
sym-resistor~array~7x~eu-polygon-12-sym,ab1305cd-f3ad-4b55-9a4d-eee2bc3b6bda
sym-resistor~array~7x~eu-polygon-13-sym,5190981b-0666-42a7-96ff-50aa746ec4e1
sym-resistor~array~7x~eu-polygon-14-sym,d7f6f23d-601a-4c63-a3c1-8cf94c13f10d
sym-resistor~array~7x~eu-polygon-2-sym,6f0cd6f4-1303-459e-a117-4c086e14d563
sym-resistor~array~7x~eu-polygon-3-sym,a1b69b2b-20c5-40d5-8d4f-87723312e3b1
sym-resistor~array~7x~eu-polygon-4-sym,f17799d0-5473-4e47-a7cd-b2b53760eb43
sym-resistor~array~7x~eu-polygon-5-sym,99a3e37b-3d6f-4c71-8032-79c43521ce24
sym-resistor~array~7x~eu-polygon-6-sym,d326bd1b-c13a-4d30-9ae2-740899b1a284
sym-resistor~array~7x~eu-polygon-7-sym,8229787d-0719-4c78-a225-5c5b4a7ae585
sym-resistor~array~7x~eu-polygon-8-sym,7016c69b-34d8-4bf4-af22-7141a0a4b24b
sym-resistor~array~7x~eu-polygon-9-sym,7eb7632c-d7cf-4737-88db-b3601591b2e4
sym-resistor~array~7x~eu-polygon-contour,710130c2-cff2-41bc-ba50-dbca06eda346
sym-resistor~array~7x~eu-sym,92c3d646-2d97-447d-9acf-c650be50ee98
sym-resistor~array~7x~eu-text-name,3c73f193-37c9-476b-a82a-5f5c94519234
sym-resistor~array~7x~eu-text-value,563c832d-22c2-4c62-8cbc-9f5aec8a8761
sym-resistor~array~7x~us-pin-1-1,85db18f8-880e-4439-a3f6-7dfa1d9e9bfe
sym-resistor~array~7x~us-pin-1-2,77ddc120-496f-479c-9b11-92fcabcf0096
sym-resistor~array~7x~us-pin-2-1,96a43f3b-9b7a-4d51-87d6-008d747e3c30
sym-resistor~array~7x~us-pin-2-2,27d86dfc-f092-4e89-8822-a88a752f0964
sym-resistor~array~7x~us-pin-3-1,f36ffeed-2d4c-47e5-b86c-79602f0daf86
sym-resistor~array~7x~us-pin-3-2,a92dfcdd-0c0b-4388-8ea5-0c3788b671e1
sym-resistor~array~7x~us-pin-4-1,8d12455d-400c-4ea3-8caf-bd8eaaf5806a
sym-resistor~array~7x~us-pin-4-2,f919b0cf-6925-442e-be08-f0ff16457d6c
sym-resistor~array~7x~us-pin-5-1,af43db26-9fab-4ab7-9fa6-f13b62be3e44
sym-resistor~array~7x~us-pin-5-2,8428dcf1-70c8-4f64-81cf-b18ded4c17f3
sym-resistor~array~7x~us-pin-6-1,7f12a58c-a569-4823-9a68-b270bffa2607
sym-resistor~array~7x~us-pin-6-2,a27401b2-284a-4fe7-bec3-87fc65598f64
sym-resistor~array~7x~us-pin-7-1,d0460ed3-dd84-409b-9a9a-e779da43440c
sym-resistor~array~7x~us-pin-7-2,bba27a66-a2dd-4940-b011-505647c2273d
sym-resistor~array~7x~us-polygon-1-sym,3b3c85ac-587a-4333-8f5b-fcfc408949c0
sym-resistor~array~7x~us-polygon-2-sym,f5f1fbcf-2c97-46a7-b4e6-29b9b59ffce5
sym-resistor~array~7x~us-polygon-3-sym,49ce693d-c783-4372-b1a9-c8e15e6a7283
sym-resistor~array~7x~us-polygon-4-sym,78ae1a69-7449-4b77-8291-254b7d010f6a
sym-resistor~array~7x~us-polygon-5-sym,d680a956-1445-49aa-a585-3a2ea0181d25
sym-resistor~array~7x~us-polygon-6-sym,a8170c14-61a1-4e8e-82f3-ecd0450180dc
sym-resistor~array~7x~us-polygon-7-sym,cf42761d-b678-426e-a470-15827a3b6267
sym-resistor~array~7x~us-polygon-contour,15fb594b-72b9-4240-bcbc-7637ca47492b
sym-resistor~array~7x~us-sym,81326a03-e7d7-4000-a93a-5e0bf521186a
sym-resistor~array~7x~us-text-name,69b6db8a-b733-456f-8b05-b4c1af13a8e8
sym-resistor~array~7x~us-text-value,a77b0197-fd40-4ccb-a7e5-190cd7a52c23
sym-resistor~array~8x~eu-pin-1-1,099c1153-faf3-4233-a19c-09bbdc37b268
sym-resistor~array~8x~eu-pin-1-2,fa89da5a-cc8d-4e0b-b59a-8ca889ad7fd3
sym-resistor~array~8x~eu-pin-2-1,3563ce9d-6b5c-4db4-a97c-884ffea85fe4
sym-resistor~array~8x~eu-pin-2-2,b898abbf-471d-44e1-b6a2-35dc589782dc
sym-resistor~array~8x~eu-pin-3-1,79970dbd-4c29-4dfa-b164-8e9dee06f879
sym-resistor~array~8x~eu-pin-3-2,6ff62614-7af6-41e6-b604-c8d0a813ca2c
sym-resistor~array~8x~eu-pin-4-1,992b884e-bb12-4fa0-b6f6-a19230f3b5ba
sym-resistor~array~8x~eu-pin-4-2,2757e318-b784-4be3-8204-888b520cccb4
sym-resistor~array~8x~eu-pin-5-1,ac1c33b0-7349-4340-9d85-30b547c31218
sym-resistor~array~8x~eu-pin-5-2,58fc31fa-f679-4c51-86d0-1b1c5a21808a
sym-resistor~array~8x~eu-pin-6-1,fe1a242f-cb6e-4875-8400-06e465519c1b
sym-resistor~array~8x~eu-pin-6-2,c2408bdf-b444-4019-bc89-a3938660ec1e
sym-resistor~array~8x~eu-pin-7-1,dffec618-f730-4def-b5d7-484d0b0532c7
sym-resistor~array~8x~eu-pin-7-2,6545c3cc-405c-4b79-ad28-172fa8b5f1b5
sym-resistor~array~8x~eu-pin-8-1,3f220b0e-9a52-4547-8d90-c072f0c50494
sym-resistor~array~8x~eu-pin-8-2,efc7e2e1-e367-4e64-8d7b-4bd5a90e937d
sym-resistor~array~8x~eu-polygon-1-sym,3ff9b26f-c557-435b-a241-6b3de5a1630a
sym-resistor~array~8x~eu-polygon-10-sym,18f7f753-47c0-4c2f-94b5-c2dc67c683b4
sym-resistor~array~8x~eu-polygon-11-sym,671dd712-943f-4856-a3b0-eebf112c10b2
sym-resistor~array~8x~eu-polygon-12-sym,b058433b-474c-49c3-9ea9-f715214da075
sym-resistor~array~8x~eu-polygon-13-sym,5b2c4dc9-6123-41c4-b06a-94111e186687
sym-resistor~array~8x~eu-polygon-14-sym,24f3c571-0117-43df-8f1f-7868e6d231e9
sym-resistor~array~8x~eu-polygon-15-sym,62bddffd-353d-40c6-9517-5f47f7f84187
sym-resistor~array~8x~eu-polygon-16-sym,dc57b8d9-a153-41d5-8597-39ca4416ef27
sym-resistor~array~8x~eu-polygon-17-sym,0e403774-fb60-41a5-91c7-d0572c97cb53
sym-resistor~array~8x~eu-polygon-2-sym,a87a8d4e-7b7b-4cb4-b787-d18636c3d5ff
sym-resistor~array~8x~eu-polygon-3-sym,19e3d5ab-d3cf-4316-8faf-b6e0af1f475f
sym-resistor~array~8x~eu-polygon-4-sym,4ed198c3-9029-46ab-b710-cde0d88ec8af
sym-resistor~array~8x~eu-polygon-5-sym,7d9007a7-6707-4f58-a2db-25c365043788
sym-resistor~array~8x~eu-polygon-6-sym,5d0fc301-2fd9-4c08-b148-67f00a076c2f
sym-resistor~array~8x~eu-polygon-7-sym,e4329151-ce81-48bf-9244-48acd93c2ebd
sym-resistor~array~8x~eu-polygon-8-sym,fc08f15e-a657-43f4-a64b-a7fab23fb7df
sym-resistor~array~8x~eu-polygon-9-sym,2b8f35e8-a55b-4ae1-932c-38d722a84236
sym-resistor~array~8x~eu-polygon-contour,b77a5f5c-c93c-4b38-a17a-3bf4c1367261
sym-resistor~array~8x~eu-sym,07adeccc-5c7c-4c15-b922-c10cfa8dcf06
sym-resistor~array~8x~eu-text-name,523dcf96-b9df-494b-8464-54b733cb728b
sym-resistor~array~8x~eu-text-value,77323dd7-7784-4f90-afe4-53f3bad84e9a
sym-resistor~array~8x~us-pin-1-1,15d0cf50-c2fd-44a2-86e7-c417ac769990
sym-resistor~array~8x~us-pin-1-2,44d8438e-33d1-40dc-85c6-50c4399bfa93
sym-resistor~array~8x~us-pin-2-1,37df020e-6c13-4bf6-bb71-3eb774b8480c
sym-resistor~array~8x~us-pin-2-2,42710375-4dfc-4821-af43-fc2cff0aa18a
sym-resistor~array~8x~us-pin-3-1,9777841b-2ae0-4d40-866e-652584a2b08d
sym-resistor~array~8x~us-pin-3-2,81736a11-137c-411a-872f-bdf0f7d8c897
sym-resistor~array~8x~us-pin-4-1,fea84313-fbd4-4bec-b4e7-50b66358ab83
sym-resistor~array~8x~us-pin-4-2,d099c690-e2a1-47f8-85df-48c1532ae57a
sym-resistor~array~8x~us-pin-5-1,81fea2cf-7fc4-4f2a-baa5-a01ee32a825a
sym-resistor~array~8x~us-pin-5-2,0957e701-45e7-4b8e-bfa0-f41f0307109c
sym-resistor~array~8x~us-pin-6-1,3925b413-8b9c-412a-aa1f-e209fb0ff14a
sym-resistor~array~8x~us-pin-6-2,1f880927-1adb-4b82-844d-c5bfa54a614c
sym-resistor~array~8x~us-pin-7-1,fc843e51-88d1-428f-8544-e95c80d283cc
sym-resistor~array~8x~us-pin-7-2,ccf6e418-2dd9-45ea-bd73-a7669d7ea72b
sym-resistor~array~8x~us-pin-8-1,2f789a33-3404-4369-89da-f115f55a7422
sym-resistor~array~8x~us-pin-8-2,68540300-e7bd-4752-bbec-7186e44e8b9d
sym-resistor~array~8x~us-polygon-1-sym,f88c5d73-5c9a-4744-a8d0-bf6a21203bfe
sym-resistor~array~8x~us-polygon-2-sym,025a1f44-c359-4fe1-bc15-ef3d48c4e3da
sym-resistor~array~8x~us-polygon-3-sym,2eee7d26-200b-4055-b019-a6f4c223bfdc
sym-resistor~array~8x~us-polygon-4-sym,f7409149-5507-4f80-8f63-8c38966adf63
sym-resistor~array~8x~us-polygon-5-sym,c4cec4bb-6944-43d4-be09-ddc7e99e1ec5
sym-resistor~array~8x~us-polygon-6-sym,bb380002-c7b6-4f33-84fc-8fcbf9b804b1
sym-resistor~array~8x~us-polygon-7-sym,a925deb0-e7d5-4b23-a53a-fe7c7f2b5a91
sym-resistor~array~8x~us-polygon-8-sym,03982db0-e42b-426d-9f4a-f98934c7e2e8
sym-resistor~array~8x~us-polygon-contour,f7e1c96b-bed7-48cf-945d-f801b1959689
sym-resistor~array~8x~us-sym,bf60f5c2-d634-42e5-bfe0-2a484d585bb2
sym-resistor~array~8x~us-text-name,30f84223-9a40-4867-9b65-f3cbeb3073d9
sym-resistor~array~8x~us-text-value,47641b54-468d-4772-a395-e91826c8fb7f
sym-resistor~network~4x~eu-pin-1,90da3c4d-85da-44d0-b88b-990d8dad2179
sym-resistor~network~4x~eu-pin-2,3a47d7b5-e79a-4728-afe9-0563426acd3d
sym-resistor~network~4x~eu-pin-3,305ed639-e628-4e2c-9dc2-4e1276f0d19d
sym-resistor~network~4x~eu-pin-4,ca049574-dbf1-4521-bec4-80a80017ee7a
sym-resistor~network~4x~eu-pin-com,5695dce5-7037-4d43-8b81-659e05f0b0f2
sym-resistor~network~4x~eu-polygon-1-sym,9cbeb2a2-7f16-40fd-9550-6546527caa29
sym-resistor~network~4x~eu-polygon-2-sym,43450f90-340f-4252-8e0c-a7eec22ef989
sym-resistor~network~4x~eu-polygon-3-sym,fa2a6b6d-a71a-4e6d-94a6-01a2ce4b55e5
sym-resistor~network~4x~eu-polygon-4-sym,575bd3c3-a26f-4b4e-9e74-bf0ef6762b64
sym-resistor~network~4x~eu-polygon-5-sym,7c9a01ca-d72d-4541-9bc5-7f84a1810202
sym-resistor~network~4x~eu-polygon-6-sym,07956b23-558c-4030-a9cc-4c671421d5a0
sym-resistor~network~4x~eu-polygon-7-sym,637a14c4-44cb-416b-9532-7b03e037e9da
sym-resistor~network~4x~eu-polygon-8-sym,17dc2cd3-8159-4a23-a561-fafc020f244d
sym-resistor~network~4x~eu-polygon-9-sym,372b4417-5710-415b-b74c-87771bd9f302
sym-resistor~network~4x~eu-polygon-contour,aa1f1430-1afa-40ae-ba6c-30ea5b59309b
sym-resistor~network~4x~eu-sym,e0804b66-7202-4e5c-a5a1-432860542869
sym-resistor~network~4x~eu-text-name,b5cfd3b2-9248-4a51-abd8-9e3c4c2bc921
sym-resistor~network~4x~eu-text-value,84d96cfc-b3c6-4fd2-a278-293746978df9
sym-resistor~network~4x~us-pin-1,1d6aa376-24d4-4f48-b802-ed477f57a48b
sym-resistor~network~4x~us-pin-2,e05813fa-575b-41c0-b612-89c0d8df82bd
sym-resistor~network~4x~us-pin-3,79ddc527-0adc-4455-a7dc-59cc26e6561a
sym-resistor~network~4x~us-pin-4,7ccc813e-57a6-42f1-a127-fb8a79e632c4
sym-resistor~network~4x~us-pin-com,710b1509-4edb-4e15-bd21-4a83454a7f38
sym-resistor~network~4x~us-polygon-1-sym,24551ec3-ae67-4faf-953b-344b6205277d
sym-resistor~network~4x~us-polygon-2-sym,8390b620-1797-4f0a-9076-f9e41bd6047f
sym-resistor~network~4x~us-polygon-3-sym,442be2aa-a56c-416d-859e-e1229dbe4bda
sym-resistor~network~4x~us-polygon-4-sym,13d6d56b-9f7c-4ca3-a59a-3fb7910ba491
sym-resistor~network~4x~us-polygon-5-sym,3e71b387-0a12-4448-b81e-9836702df9c4
sym-resistor~network~4x~us-polygon-contour,573a5cce-bac1-4fa9-bc4b-6f66d050fe88
sym-resistor~network~4x~us-sym,b87c4928-4ba7-4cc2-8a12-84f982481c0b
sym-resistor~network~4x~us-text-name,559e0844-15b1-4255-8ee8-c83166ee2330
sym-resistor~network~4x~us-text-value,b825b04a-bb3f-4b29-8de9-57f24e5c15de
sym-resistor~network~5x~eu-pin-1,7a99eeda-aab7-494f-af88-b68ea7f519c7
sym-resistor~network~5x~eu-pin-2,f116f7da-3046-422c-a149-8cf68d0bdbee
sym-resistor~network~5x~eu-pin-3,3857ce00-4ca7-4ba3-8a9e-f1a30623d372
sym-resistor~network~5x~eu-pin-4,7437ca95-0b9c-4e92-84fe-ac9dc8001e35
sym-resistor~network~5x~eu-pin-5,c9cf4bfd-21e9-4772-ae3e-886ec0880ab5
sym-resistor~network~5x~eu-pin-com,1df56dee-e5ec-4bea-9093-66069ae672fb
sym-resistor~network~5x~eu-polygon-1-sym,6c7ef961-8d57-49d3-8e98-f1baa4c16f2c
sym-resistor~network~5x~eu-polygon-10-sym,ca6ba5cf-3c62-4a0d-870d-40985c5cdf5d
sym-resistor~network~5x~eu-polygon-11-sym,09dd78de-b94a-40eb-9dcb-70214ab2920e
sym-resistor~network~5x~eu-polygon-2-sym,9ea15a96-5ffe-4571-b451-d449bd282bd6
sym-resistor~network~5x~eu-polygon-3-sym,a97b79d1-7128-44f8-9f6a-874425b7f501
sym-resistor~network~5x~eu-polygon-4-sym,98a2a220-e3b0-4a9e-bbe0-4d2a63ea2a10
sym-resistor~network~5x~eu-polygon-5-sym,558ebd03-10d1-4391-90a4-3a9c070ea23b
sym-resistor~network~5x~eu-polygon-6-sym,a6401126-de03-40b8-a43d-52db5ca52b98
sym-resistor~network~5x~eu-polygon-7-sym,25f2fe3a-0162-4c7a-805a-7ca58a13ea3f
sym-resistor~network~5x~eu-polygon-8-sym,69247734-8847-4b4b-8f00-c462bbd9c117
sym-resistor~network~5x~eu-polygon-9-sym,f8f7c7ac-c41f-455d-8e2c-a6c4dd04d552
sym-resistor~network~5x~eu-polygon-contour,67d9e379-5a05-4ffa-b362-b2edd8f5194f
sym-resistor~network~5x~eu-sym,4e21e978-ca73-4220-bcad-93636a27e541
sym-resistor~network~5x~eu-text-name,30ad678b-e973-44f0-8dde-4a5aac89df10
sym-resistor~network~5x~eu-text-value,108bf9d2-d285-4b61-bfed-478cf7869efa
sym-resistor~network~5x~us-pin-1,0ecbc6e1-20a5-4020-a631-2fcefd14b3bc
sym-resistor~network~5x~us-pin-2,9fd5e0ed-d41f-4fe4-9775-0a66a2eefe19
sym-resistor~network~5x~us-pin-3,06539ecc-1410-4306-9791-91b7aaec9856
sym-resistor~network~5x~us-pin-4,e1df3238-3ea5-4418-81d2-a427178e73ab
sym-resistor~network~5x~us-pin-5,97132c55-e3d6-47c2-864e-c1f138bf805c
sym-resistor~network~5x~us-pin-com,2a8633aa-f3d7-49b8-82cb-b9a484030a37
sym-resistor~network~5x~us-polygon-1-sym,2b2a6f1b-4bac-4afe-8d26-efdabe8c924f
sym-resistor~network~5x~us-polygon-2-sym,8fb01027-db40-4747-9e55-a1000f602423
sym-resistor~network~5x~us-polygon-3-sym,b8336e12-0105-4e87-bc42-adafc01c6bbb
sym-resistor~network~5x~us-polygon-4-sym,d83a3dba-9a31-42d6-8f1a-7cb76e408256
sym-resistor~network~5x~us-polygon-5-sym,3ee92284-08d5-495f-add8-9e05255fa90e
sym-resistor~network~5x~us-polygon-6-sym,7ba7a622-33e0-4a40-b462-ac2700ea876c
sym-resistor~network~5x~us-polygon-contour,a4401e42-5e08-423a-b640-22b944f28d27
sym-resistor~network~5x~us-sym,d790edf7-1331-4649-aae7-a456cb5582d8
sym-resistor~network~5x~us-text-name,2b57155b-9f85-45ac-a4a4-6209a55d5bae
sym-resistor~network~5x~us-text-value,a8dc852c-9fc7-43a0-a27e-e344fdce004a
sym-resistor~network~6x~eu-pin-1,09504c94-5242-4f66-9b33-2745d207207b
sym-resistor~network~6x~eu-pin-2,25202278-20e2-4097-ae3d-511abf983e38
sym-resistor~network~6x~eu-pin-3,cf806206-8fa6-4c64-9ded-06c774ff7d2d
sym-resistor~network~6x~eu-pin-4,32b3dffd-edc5-4e6b-9cdb-0fd8d55bc58a
sym-resistor~network~6x~eu-pin-5,9d988e7f-00e1-44c7-845a-cfca598f8fa6
sym-resistor~network~6x~eu-pin-6,6379c8fa-2f50-4223-a253-e6272b8edc71
sym-resistor~network~6x~eu-pin-com,55dfa50c-f7b1-4dcf-a8e4-0c113ff9cae2
sym-resistor~network~6x~eu-polygon-1-sym,91bb8580-8ed0-4171-926c-745c9dc7b01c
sym-resistor~network~6x~eu-polygon-10-sym,9a6e6957-9c10-430d-8d65-e509a50ba314
sym-resistor~network~6x~eu-polygon-11-sym,9cc6288c-b2c3-4434-83fa-497824c89b30
sym-resistor~network~6x~eu-polygon-12-sym,2eccd0d5-1be1-4683-8a6e-99ed8769fc56
sym-resistor~network~6x~eu-polygon-13-sym,a5440b8c-f781-4b7b-98e5-7bf22acf6a95
sym-resistor~network~6x~eu-polygon-2-sym,4acba899-6034-48ee-bd7e-ffea12e55c10
sym-resistor~network~6x~eu-polygon-3-sym,77bf7ffd-bfdf-417d-928e-f8e1ccd85fca
sym-resistor~network~6x~eu-polygon-4-sym,8e303774-5d6b-4616-bcb9-6442f84720dc
sym-resistor~network~6x~eu-polygon-5-sym,3b637861-6e06-4f41-b140-b7a9a4e89e81
sym-resistor~network~6x~eu-polygon-6-sym,40692d0c-1f12-464b-94f5-558c7156b4b3
sym-resistor~network~6x~eu-polygon-7-sym,995a2a70-b4b7-4ea4-9e6b-a31c819bc5d5
sym-resistor~network~6x~eu-polygon-8-sym,9651e2a4-fa10-46da-a1c4-8c983fce33ea
sym-resistor~network~6x~eu-polygon-9-sym,36e4fbf7-93bd-4711-8ce5-600d45b5588a
sym-resistor~network~6x~eu-polygon-contour,f6f84081-2575-4d92-8bac-bdfe09bfc8c7
sym-resistor~network~6x~eu-sym,48a864da-95e9-41d5-b57a-b41ead1df601
sym-resistor~network~6x~eu-text-name,c80416cf-1222-467c-aa0d-c724d48943ac
sym-resistor~network~6x~eu-text-value,9bd5c9c1-a71a-47bb-8cf0-3dee32fbfe97
sym-resistor~network~6x~us-pin-1,a6236cd3-23fc-4410-a4d7-206c47b25cc6
sym-resistor~network~6x~us-pin-2,9eea2efd-43d5-445a-9ad5-67109de9f63c
sym-resistor~network~6x~us-pin-3,665efb55-1aa2-4125-9171-e8133be46efc
sym-resistor~network~6x~us-pin-4,97bb2f8b-a34e-441b-8454-e472a456d334
sym-resistor~network~6x~us-pin-5,1c3adec1-a9af-4e9c-9797-46e7317e7aba
sym-resistor~network~6x~us-pin-6,0c2f811a-82a6-48da-9cfc-3bddf73a7a08
sym-resistor~network~6x~us-pin-com,f85957e3-dda2-40f1-984a-2c028d8bcf7e
sym-resistor~network~6x~us-polygon-1-sym,06b84238-0b9a-48c0-acb6-442382efcfdb
sym-resistor~network~6x~us-polygon-2-sym,8f5c27ea-b2fc-4dce-9878-802f54cc6156
sym-resistor~network~6x~us-polygon-3-sym,4e40a7fc-019b-4eda-a576-ffd856ea61dd
sym-resistor~network~6x~us-polygon-4-sym,855e3321-07e3-4140-9a67-bc43d2c3a454
sym-resistor~network~6x~us-polygon-5-sym,2ebf687f-e8cd-4908-86ec-47bc3fd65714
sym-resistor~network~6x~us-polygon-6-sym,ff178d16-8c43-4ca0-9e12-9041183a9a10
sym-resistor~network~6x~us-polygon-7-sym,d821db44-8957-4ed7-9672-d377884337f1
sym-resistor~network~6x~us-polygon-contour,650ffbfc-c26b-48ef-b0f1-7772adea6bd4
sym-resistor~network~6x~us-sym,073ed2e0-c85e-40bf-9ce7-4c65760a87d9
sym-resistor~network~6x~us-text-name,2c9e3400-7d06-4387-a918-e6260d504cfd
sym-resistor~network~6x~us-text-value,6298eb46-32f0-4707-bde1-ceb7d252a609
sym-resistor~network~7x~eu-pin-1,165bb440-4873-4a7e-a910-74dec7de5af7
sym-resistor~network~7x~eu-pin-2,9407da6c-5234-40f9-883f-3e243cc3843d
sym-resistor~network~7x~eu-pin-3,42a58050-e523-4127-954a-f4e43e6fdb05
sym-resistor~network~7x~eu-pin-4,9a08a4ed-eb20-4418-bf6a-6a4bb5fd0a75
sym-resistor~network~7x~eu-pin-5,d0f51c4c-725a-419a-9d9b-fb3aed205be1
sym-resistor~network~7x~eu-pin-6,f8162603-bca7-43b5-8856-d3113d1a090a
sym-resistor~network~7x~eu-pin-7,20424c57-0c52-4776-95d1-869a10604e5c
sym-resistor~network~7x~eu-pin-com,5cfb2b3c-948e-40df-92bf-4ede949b6f2d
sym-resistor~network~7x~eu-polygon-1-sym,de886d79-c762-403c-8e69-f4d206dc76cf
sym-resistor~network~7x~eu-polygon-10-sym,e1f8ed87-4d66-4a44-a491-8b4aaf529668
sym-resistor~network~7x~eu-polygon-11-sym,0f6319fe-d02a-4f7a-929c-15c1d019c8c2
sym-resistor~network~7x~eu-polygon-12-sym,e92c3cd4-bffd-405c-853f-d1f54f18d110
sym-resistor~network~7x~eu-polygon-13-sym,765be439-6189-439a-8af3-ca334c7d1d2e
sym-resistor~network~7x~eu-polygon-14-sym,9c481744-e351-4cad-a1e0-0e52f6e3aa50
sym-resistor~network~7x~eu-polygon-15-sym,59217e73-6923-410f-840a-4f631dcf5845
sym-resistor~network~7x~eu-polygon-2-sym,47505450-cdd0-4db5-ac86-cc37b7a0ca51
sym-resistor~network~7x~eu-polygon-3-sym,3c4ccaa9-c634-4944-80d0-07b1094c44a0
sym-resistor~network~7x~eu-polygon-4-sym,cf3a61c2-fd73-4c1b-97c6-d3371c394744
sym-resistor~network~7x~eu-polygon-5-sym,103fecfc-1035-44c9-acf8-4fbf7de0060c
sym-resistor~network~7x~eu-polygon-6-sym,18e65038-e395-46c1-a8fa-d07860153234
sym-resistor~network~7x~eu-polygon-7-sym,38d429c1-54d5-4ae4-a232-cccb419d8824
sym-resistor~network~7x~eu-polygon-8-sym,56cba89c-6c91-4f78-8f02-6e52cfb539fa
sym-resistor~network~7x~eu-polygon-9-sym,8c510d8c-6bd3-4831-a92a-0254ae3f4d26
sym-resistor~network~7x~eu-polygon-contour,3f0642a1-948b-47f8-b5a4-21a4c9725d06
sym-resistor~network~7x~eu-sym,8e4c4611-bd21-4043-becf-1b1a28b51fb6
sym-resistor~network~7x~eu-text-name,f6f0881b-f7f0-49df-8819-71e7e36d94fb
sym-resistor~network~7x~eu-text-value,0cd9d56e-05eb-4ba2-b56a-c23c252939e3
sym-resistor~network~7x~us-pin-1,dd9a8fa2-beea-4c37-ad8f-7739bdd8671e
sym-resistor~network~7x~us-pin-2,4001d92c-b16c-4116-ac4f-9404a9ee1efb
sym-resistor~network~7x~us-pin-3,2c53c2bf-d51f-4b73-9505-a98b7cc29849
sym-resistor~network~7x~us-pin-4,c7148681-aec9-43ae-9c53-3440ff50ae3a
sym-resistor~network~7x~us-pin-5,6c7629b8-1ce3-4ca7-95da-1a107c19f10f
sym-resistor~network~7x~us-pin-6,231f7f60-dae5-4236-adb7-5e9b608d69f7
sym-resistor~network~7x~us-pin-7,431f4e70-9062-4dc1-89e4-f4e071ff1396
sym-resistor~network~7x~us-pin-com,2d2255ba-65cf-41f6-abb5-9e1079cefbd3
sym-resistor~network~7x~us-polygon-1-sym,7384b427-c86e-4624-8a6d-94ee6cccb2f2
sym-resistor~network~7x~us-polygon-2-sym,cbc65fdf-368e-4acd-ac7d-eab6ddbad580
sym-resistor~network~7x~us-polygon-3-sym,65223bb8-97e1-421f-a24a-abef2c9b2c28
sym-resistor~network~7x~us-polygon-4-sym,2fbb212e-5ecb-40da-8f03-9fb084933b64
sym-resistor~network~7x~us-polygon-5-sym,0357f226-cdec-484b-832c-668200d0ab60
sym-resistor~network~7x~us-polygon-6-sym,490db5a2-3d30-4181-8f18-7ad7813f484e
sym-resistor~network~7x~us-polygon-7-sym,deed4668-7a1e-4048-ba6d-408bf7cb2221
sym-resistor~network~7x~us-polygon-8-sym,7df49954-d3a7-4f0d-9a23-9eaa4ab10acd
sym-resistor~network~7x~us-polygon-contour,1ef0b312-c2a7-49c7-a752-1cb5314770d8
sym-resistor~network~7x~us-sym,b5abd2cf-753e-49ad-abfc-a0e577ef7006
sym-resistor~network~7x~us-text-name,a3ab6132-8aa4-4129-9943-dd47cb90efc1
sym-resistor~network~7x~us-text-value,50a065c3-7f59-49d6-b63f-0fd6cef85c3d
sym-resistor~network~8x~eu-pin-1,90adfa35-bfc9-42fe-8c9c-21652264b6b7
sym-resistor~network~8x~eu-pin-2,39948315-79f7-4de0-b1ff-423f9711b380
sym-resistor~network~8x~eu-pin-3,ccc958a8-d9ca-4b84-bec9-39a5ca1436fe
sym-resistor~network~8x~eu-pin-4,b4a29b26-9248-42f2-82d2-06a38940bf59
sym-resistor~network~8x~eu-pin-5,611d4f2d-d6f6-4cc0-b22d-dd8b44bb6e07
sym-resistor~network~8x~eu-pin-6,9391f557-4f81-4c34-9aac-9d1d1472d677
sym-resistor~network~8x~eu-pin-7,d5f505f8-19a0-49cb-ad2e-6107d2ece6fb
sym-resistor~network~8x~eu-pin-8,90629fbf-8059-4d58-9344-5647fd704a4b
sym-resistor~network~8x~eu-pin-com,ae0a2a9f-400d-4e2c-8b6a-cbb8a01c60d5
sym-resistor~network~8x~eu-polygon-1-sym,bb4645b5-76f9-4b99-94fe-d889b9519960
sym-resistor~network~8x~eu-polygon-10-sym,04255c7e-67f8-40b2-a0f8-7e6730b15655
sym-resistor~network~8x~eu-polygon-11-sym,6a0db56c-4c85-48a9-853f-1af74459953b
sym-resistor~network~8x~eu-polygon-12-sym,7ad0462c-2159-4417-baff-104c2738aeae
sym-resistor~network~8x~eu-polygon-13-sym,41a40e47-5c28-4791-9290-910a6bb84444
sym-resistor~network~8x~eu-polygon-14-sym,73f880cd-9df1-4c29-8273-bf0b05029252
sym-resistor~network~8x~eu-polygon-15-sym,13e16b1f-04c9-4dd6-93cb-f3cb03bf5beb
sym-resistor~network~8x~eu-polygon-16-sym,47446669-d71e-4a38-b05c-e376c010b6e8
sym-resistor~network~8x~eu-polygon-17-sym,54a75235-eb83-498c-818b-e7b96aa3694d
sym-resistor~network~8x~eu-polygon-18-sym,7caee5b1-eb87-4f33-9fe0-455efa2d69f6
sym-resistor~network~8x~eu-polygon-2-sym,8eefae36-34b5-4f12-8b4c-2e75b722a49e
sym-resistor~network~8x~eu-polygon-3-sym,ba0534b1-6b06-4a42-9005-064b6e888f41
sym-resistor~network~8x~eu-polygon-4-sym,66ef4411-9282-4e6a-9095-d359dbd11073
sym-resistor~network~8x~eu-polygon-5-sym,fdf2a7c0-d03f-462b-9a79-aeb19fd6cd0b
sym-resistor~network~8x~eu-polygon-6-sym,dc318b96-79b5-469f-aef0-f2773768dbec
sym-resistor~network~8x~eu-polygon-7-sym,c0ff05ad-1948-46d4-8a24-e1c87162847a
sym-resistor~network~8x~eu-polygon-8-sym,c7cc962f-1978-4d45-94a4-cb0e8aa15d54
sym-resistor~network~8x~eu-polygon-9-sym,7c585dc3-c667-42ad-9ecd-0d0464ee440e
sym-resistor~network~8x~eu-polygon-contour,4216de10-7624-4207-9397-d82347b00255
sym-resistor~network~8x~eu-sym,34f8bde8-4300-415a-9bd9-8055eb64d51c
sym-resistor~network~8x~eu-text-name,e1877c56-eb7c-4bab-ba09-6f9139dcc3ce
sym-resistor~network~8x~eu-text-value,51db32d1-0eeb-4dbd-835d-3a2b9d2ddb73
sym-resistor~network~8x~us-pin-1,800e0c31-d0c8-40e4-b7cf-897794dee311
sym-resistor~network~8x~us-pin-2,d5bff2db-e99f-40f5-bd40-932803ca2e15
sym-resistor~network~8x~us-pin-3,58587a42-d026-4e12-82bb-8182a2fc37f4
sym-resistor~network~8x~us-pin-4,cc866187-ebd8-46c4-a4e2-5d2165ae585b
sym-resistor~network~8x~us-pin-5,82907d60-b56a-4a8b-ab22-ccdcf42268b5
sym-resistor~network~8x~us-pin-6,3f4916b7-4db1-44a2-8d07-fcde857553fb
sym-resistor~network~8x~us-pin-7,ca42476e-9193-419e-8d6e-93c2aa48cca1
sym-resistor~network~8x~us-pin-8,741a1219-a2fe-42f1-b0c2-84f86216a455
sym-resistor~network~8x~us-pin-com,55d021cb-91a8-4ac7-977a-7d8136a51c14
sym-resistor~network~8x~us-polygon-1-sym,f148a359-8c5f-41ca-bc12-d6ecf5ccee66
sym-resistor~network~8x~us-polygon-2-sym,9585e10e-93d0-4d7a-8ba9-5367b6424dfa
sym-resistor~network~8x~us-polygon-3-sym,2e299956-02ca-4f5a-80e1-f6017353a3f4
sym-resistor~network~8x~us-polygon-4-sym,6379a419-7291-4d93-bf48-003681295292
sym-resistor~network~8x~us-polygon-5-sym,984234d4-f19e-46b3-8785-84c38eac49f4
sym-resistor~network~8x~us-polygon-6-sym,88e4c271-a139-4f77-8ac2-78a3aabd4d98
sym-resistor~network~8x~us-polygon-7-sym,16883aed-4908-48d0-b778-7c8c07f552f0
sym-resistor~network~8x~us-polygon-8-sym,0270efb4-ab7d-4b04-b40f-7794501ea21f
sym-resistor~network~8x~us-polygon-9-sym,5e926be1-7ae0-4682-8fff-f69185da10a5
sym-resistor~network~8x~us-polygon-contour,81b86a48-0635-4529-b60c-8772705ebf3d
sym-resistor~network~8x~us-sym,a0653c9b-12f9-4eec-8c25-9e3f24c08245
sym-resistor~network~8x~us-text-name,ef8eaff4-96b9-4082-9def-9c9eb68d7a91
sym-resistor~network~8x~us-text-value,c5d521ac-56cc-4d96-b10e-862e9bd5471f
