sym-adc~5-pin~single-ended-pin-ain,ba5d040a-eaa1-4e14-b1e3-34d2e9da8dc7
sym-adc~5-pin~single-ended-pin-d1,f2d60ac6-d9f8-4149-8761-6a76d464cedc
sym-adc~5-pin~single-ended-pin-d2,f467ce37-9681-4a57-8e40-4de3fb5dc784
sym-adc~5-pin~single-ended-pin-v+,fb71aa88-3787-4093-a4bd-560db11ae1ec
sym-adc~5-pin~single-ended-pin-v-,474013f8-579d-4a14-acfb-31adf399f743
sym-adc~5-pin~single-ended-polygon-contour,6c0b971b-e351-49d3-a9ac-7c2565a89776
sym-adc~5-pin~single-ended-sym,db769dbd-5ecb-43cf-8259-e2066425f412
sym-adc~5-pin~single-ended-text-name,f26e51c7-09b7-42dc-aea1-4bce0bade489
sym-adc~5-pin~single-ended-text-value,f5f52a06-ae94-4520-8000-12e56c39ea3d
sym-schmitt~trigger~inverting-pin-in,7d4c915a-b24e-4abc-8802-fa859eaef964
sym-schmitt~trigger~inverting-pin-out,8f6d1730-185c-40f6-a569-24ada4f7bf77
sym-schmitt~trigger~inverting-pin-v+,84011302-bc49-4ff3-ba74-d7b0a499d43d
sym-schmitt~trigger~inverting-pin-v-,7102b536-99e6-405b-a9a4-b0ac330a377e
sym-schmitt~trigger~inverting-polygon-1-sym,02d411aa-97ff-4ac7-bc92-5560abf21c7e
sym-schmitt~trigger~inverting-polygon-2-sym,7be5b0a0-e310-4ad9-8565-1992e0c56296
sym-schmitt~trigger~inverting-polygon-3-sym,921bb5ad-8f44-45fd-a157-b755c4ce1b22
sym-schmitt~trigger~inverting-polygon-4-sym,0097b5fd-8825-4ce1-bc79-110745179e0e
sym-schmitt~trigger~inverting-polygon-5-sym,0fa79aa9-cfa6-4ae5-8bfc-4a5ce2155ed0
sym-schmitt~trigger~inverting-polygon-contour,5f1fed7c-3738-4af0-9715-34bb3adcd563
sym-schmitt~trigger~inverting-sym,6e5208b8-d840-4dcf-b8ef-e621e9b7b151
sym-schmitt~trigger~inverting-text-name,5f5bb368-89f7-4c38-b3f3-0f95e28a3d14
sym-schmitt~trigger~inverting-text-value,0364a730-1157-4a1e-8d0a-b31f85fd37eb
sym-schmitt~trigger~non-inverting-pin-in,b9691686-26d8-4d83-9966-ba051274b733
sym-schmitt~trigger~non-inverting-pin-out,17825b09-4ad7-44cc-9e6d-0daa3ea5f118
sym-schmitt~trigger~non-inverting-pin-v+,f14a8cbd-654f-4f0c-966b-abe13393310e
sym-schmitt~trigger~non-inverting-pin-v-,c99225bb-1641-4f1a-98c3-c895904f8ed0
sym-schmitt~trigger~non-inverting-polygon-1-sym,2346caca-c420-47cb-8c14-f1f3a737d6f1
sym-schmitt~trigger~non-inverting-polygon-2-sym,1035d6a7-07a9-426f-81ec-e0fbaef06ea3
sym-schmitt~trigger~non-inverting-polygon-3-sym,1f9911b9-a3da-4415-b539-7b5788edc395
sym-schmitt~trigger~non-inverting-polygon-4-sym,5715fdba-c3b2-42f2-b03b-86e5dfbec2da
sym-schmitt~trigger~non-inverting-polygon-contour,7415e065-7fe3-4d24-b9d7-f46ee5220bec
sym-schmitt~trigger~non-inverting-sym,75dba8b9-b7b2-4445-a194-1caf3d623a18
sym-schmitt~trigger~non-inverting-text-name,35489c0b-db58-448f-b483-69daa143388f
sym-schmitt~trigger~non-inverting-text-value,8f462624-9597-40ab-86e7-acf24af0dc76
